Asset Name,Asset Id,Data Date (EST), Latitude, Longitude, Speed, SATNUM, HDOP, GPS Accuracy, Time To First Fix, Battery Voltage, Temperature, Event, Report Body
300434062556460,300434062556460,2018-09-22 06:16:33, 19.740552, -66.324140, 0.00, 7, 2.0, 30, 37, , , , 01FD0048D0D901A4068A820806C68E54001E25
300434062556460,300434062556460,2018-09-22 06:14:33, 19.740365, -66.324166, 0.00, 7, 3.0, 34, 37, , , , 01FD0048D0D889A6068A814D06C68E3A002225
300434062556460,300434062556460,2018-09-22 06:12:51, 19.740327, -66.324288, 0.00, 5, 0.5, 48, 55, , , , 01FD0048D0D82391068A812706C68DC0003037
300434062556460,300434062556460,2018-09-22 06:11:05, 19.739969, -66.324275, 0.00, 6, 0.5, 44, 69, , , , 01FD0048D0D7B999068A7FC106C68DCD002C45
300434062556460,300434062556460,2018-09-22 06:08:33, 19.739633, -66.324443, 0.00, 7, 2.0, 18, 37, , , , 01FD0048D0D721A4068A7E7106C68D25001225
300434062556460,300434062556460,2018-09-22 06:05:51, 19.739874, -66.325065, 0.00, 7, 2.0, 28, 115, , , , 01FD0048D0D67FA4068A7F6206C68AB7001C73
300434062556460,300434062556460,2018-09-22 06:02:40, 19.739480, -66.325359, 0.00, 7, 0.5, 49, 164, , , , 01FD0048D0D5C0A1068A7DD806C689910031A4
300434062556460,300434062556460,2018-09-22 05:57:27, 19.738838, -66.325934, 1.00, 7, 1.5, 35, 211, , , , 01FD0048D0D487A3068A7B5606C687520123D3
300434062556460,300434062556460,2018-09-22 05:47:11, 19.737399, -66.327040, 0.00, 6, 0.5, 46, 195, , , , 01FD0048D0D21F99068A75B706C68300002EC3
300434062556460,300434062556460,2018-09-22 05:42:42, 19.736874, -66.327542, 0.00, 5, 3.5, 46, 166, , , , 01FD0048D0D11297068A73AA06C6810A002EA6
300434062556460,300434062556460,2018-09-22 05:38:44, 19.736233, -66.327936, 0.00, 6, 1.5, 50, 168, , , , 01FD0048D0D0249B068A712906C67F800032A8
300434062556460,300434062556460,2018-09-22 05:33:21, 19.735510, -66.328469, 0.00, 6, 1.5, 37, 205, , , , 01FD0048D0CEE19B068A6E5606C67D6B0025CD
300434062556460,300434062556460,2018-09-22 05:27:57, 19.734819, -66.329016, 0.00, 7, 2.0, 25, 121, , , , 01FD0048D0CD9DA4068A6BA306C67B48001979
300434062556460,300434062556460,2018-09-22 05:25:01, 0.0000000, 0.0000000, 0.00, 0, , 0, , , , GPS Timeout, 01FD0048D0CCED09055D4A800ABA9500000000
300434062556460,300434062556460,2018-09-22 05:19:03, 19.733659, -66.329807, 0.00, 7, 1.5, 18, 187, , , , 01FD0048D0CB87A3068A671B06C678310012BB
300434062556460,300434062556460,2018-09-22 05:14:33, 19.733125, -66.330259, 0.00, 8, 3.5, 10, 255, , , , 01FD0048D0CA79AF068A650506C6766D000AFF
300434062556460,300434062556460,2018-09-22 05:08:27, 19.732280, -66.330798, 0.00, 7, 3.0, 36, 211, , , , 01FD0048D0C90BA6068A61B806C674520024D3
300434062556460,300434062556460,2018-09-21 18:44:34, 19.731889, -66.332898, 0.00, 6, 1.0, 24, 35, , , , 01FD0048D036D29A068A603106C66C1E001823
300434062556460,300434062556460,2018-09-21 18:42:33, 19.731139, -66.333141, 0.00, 7, 1.5, 21, 34, , , , 01FD0048D03659A3068A5D4306C66B2B001522
300434062556460,300434062556460,2018-09-21 18:40:33, 19.730674, -66.333716, 0.00, 7, 2.0, 10, 34, , , , 01FD0048D035E1A4068A5B7206C668EC000A22
300434062556460,300434062556460,2018-09-21 18:38:34, 19.730120, -66.334608, 0.00, 4, 0.0, 20, 35, , , , 01FD0048D0356A88068A594806C66570001423
300434062556460,300434062556460,2018-09-21 18:36:57, 19.729620, -66.335226, 1.00, 4, 0.5, 17, 58, , , , 01FD0048D0350989068A575406C6630601113A
300434062556460,300434062556460,2018-09-21 18:34:33, 19.728942, -66.336268, 0.00, 5, 1.5, 15, 34, , , , 01FD0048D0347993068A54AE06C65EF4000F22
300434062556460,300434062556460,2018-09-21 18:32:33, 19.728400, -66.337109, 0.00, 6, 2.0, 10, 34, , , , 01FD0048D034019C068A529006C65BAB000A22
300434062556460,300434062556460,2018-09-21 18:30:33, 19.727947, -66.337958, 0.00, 5, 2.0, 22, 34, , , , 01FD0048D0338994068A50CB06C6585A001622
300434062556460,300434062556460,2018-09-21 18:28:57, 19.727665, -66.338561, 0.00, 5, 0.5, 15, 58, , , , 01FD0048D0332991068A4FB106C655FF000F3A
300434062556460,300434062556460,2018-09-21 18:27:04, 19.727038, -66.338930, 0.00, 7, 3.0, 50, 65, , , , 01FD0048D032B8A6068A4D3E06C6548E003241
300434062556460,300434062556460,2018-09-21 18:24:33, 19.727059, -66.339544, 0.00, 7, 3.5, 17, 34, , , , 01FD0048D03221A7068A4D5306C65228001122
300434062556460,300434062556460,2018-09-21 18:22:33, 19.727128, -66.339836, 0.00, 6, 3.0, 10, 34, , , , 01FD0048D031A99E068A4D9806C65104000A22
300434062556460,300434062556460,2018-09-21 18:20:33, 19.727078, -66.340196, 0.00, 6, 3.0, 10, 34, , , , 01FD0048D031319E068A4D6606C64F9C000A22
300434062556460,300434062556460,2018-09-21 18:18:33, 19.726832, -66.340802, 1.00, 5, 1.5, 31, 34, , , , 01FD0048D030B993068A4C7006C64D3E011F22
300434062556460,300434062556460,2018-09-21 16:18:51, 19.715755, -66.377891, 0.00, 4, 2.0, 24, 51, , , , 01FD0048D014AB8C068A212B06C5BC5D001833
300434062556460,300434062556460,2018-09-21 16:16:33, 19.715555, -66.378996, 0.00, 6, 2.0, 12, 33, , , , 01FD0048D014219C068A206306C5B80C000C21
300434062556460,300434062556460,2018-09-21 16:14:33, 19.715320, -66.379905, 0.00, 6, 0.5, 9, 33, , , , 01FD0048D013A999068A1F7806C5B47F000921
300434062556460,300434062556460,2018-09-21 16:12:42, 19.715149, -66.380683, 0.00, 5, 1.0, 48, 42, , , , 01FD0048D0133A92068A1ECD06C5B17500302A
300434062556460,300434062556460,2018-09-21 16:10:33, 19.714921, -66.381560, 1.00, 5, 3.5, 10, 33, , , , 01FD0048D012B997068A1DE906C5AE08010A21
300434062556460,300434062556460,2018-09-21 16:08:36, 19.714888, -66.382289, 0.00, 4, 3.0, 48, 36, , , , 01FD0048D012448E068A1DC806C5AB2F003024
300434062556460,300434062556460,2018-09-21 16:06:51, 19.714627, -66.382663, 1.00, 3, 3.5, 49, 51, , , , 01FD0048D011DB87068A1CC306C5A9B9013133
300434062556460,300434062556460,2018-09-21 16:04:57, 19.714718, -66.382957, 0.00, 4, 3.5, 19, 57, , , , 01FD0048D011698F068A1D1E06C5A893001339
300434062556460,300434062556460,2018-09-21 16:03:34, 19.715070, -66.383145, 0.00, 7, 1.5, 19, 94, , , , 01FD0048D01116A3068A1E7E06C5A7D700135E
300434062556460,300434062556460,2018-09-21 15:55:22, 19.715144, -66.383011, 1.00, 5, 0.5, 21, 202, , , , 01FD0048D00F2A91068A1EC806C5A85D0115CA
300434062556460,300434062556460,2018-09-21 15:49:51, 19.715034, -66.383010, 0.00, 7, 2.0, 12, 111, , , , 01FD0048D00DDFA4068A1E5A06C5A85E000C6F
300434062556460,300434062556460,2018-09-21 15:46:29, 19.714951, -66.382992, 0.00, 4, 3.0, 24, 101, , , , 01FD0048D00D158E068A1E0706C5A870001865
300434062556460,300434062556460,2018-09-21 07:22:33, 19.716510, -66.383973, 0.00, 7, 0.5, 12, 43, , , , 01FD0048CF96F9A1068A241E06C5A49B000C2B
300434062556460,300434062556460,2018-09-21 07:18:33, 19.716705, -66.384817, 0.00, 9, 3.5, 9, 43, , , , 01FD0048CF9609B7068A24E106C5A14F00092B
300434062556460,300434062556460,2018-09-21 07:16:33, 19.715763, -66.386143, 2.00, 7, 0.5, 17, 43, , , , 01FD0048CF9591A1068A213306C59C2102112B
300434062556460,300434062556460,2018-09-21 07:14:34, 19.714266, -66.385406, 2.00, 7, 2.0, 12, 44, , , , 01FD0048CF951AA4068A1B5A06C59F02020C2C
300434062556460,300434062556460,2018-09-21 07:12:33, 19.714581, -66.381195, 3.00, 6, 2.0, 7, 43, , , , 01FD0048CF94A19C068A1C9506C5AF7503072B
300434062556460,300434062556460,2018-09-21 07:10:33, 19.715061, -66.377703, 2.00, 7, 3.0, 45, 43, , , , 01FD0048CF9429A6068A1E7506C5BD19022D2B
300434062556460,300434062556460,2018-09-21 07:09:03, 19.716209, -66.377812, 1.00, 7, 3.5, 10, 73, , , , 01FD0048CF93CFA7068A22F106C5BCAC010A49
300434062556460,300434062556460,2018-09-21 07:06:34, 19.716601, -66.378841, 0.00, 5, 3.0, 15, 43, , , , 01FD0048CF933A96068A247906C5B8A7000F2B
300434062556460,300434062556460,2018-09-21 07:02:34, 19.716722, -66.379137, 0.00, 7, 1.5, 13, 43, , , , 01FD0048CF924AA3068A24F206C5B77F000D2B
300434062556460,300434062556460,2018-09-21 07:00:34, 19.716593, -66.379420, 0.00, 7, 3.5, 7, 43, , , , 01FD0048CF91D2A7068A247106C5B66400072B
300434062556460,300434062556460,2018-09-21 06:58:34, 19.716460, -66.379810, 0.00, 7, 3.0, 12, 43, , , , 01FD0048CF915AA6068A23EC06C5B4DE000C2B
300434062556460,300434062556460,2018-09-21 06:56:34, 19.716457, -66.380194, 0.00, 7, 3.0, 10, 43, , , , 01FD0048CF90E2A6068A23E906C5B35E000A2B
300434062556460,300434062556460,2018-09-21 06:54:33, 19.716658, -66.380761, 0.00, 6, 1.5, 15, 42, , , , 01FD0048CF90699B068A24B206C5B127000F2A
300434062556460,300434062556460,2018-09-21 06:52:33, 19.716468, -66.381370, 0.00, 7, 0.5, 7, 43, , , , 01FD0048CF8FF1A1068A23F406C5AEC600072B
300434062556460,300434062556460,2018-09-21 06:50:34, 19.716291, -66.381670, 0.00, 9, 3.5, 18, 43, , , , 01FD0048CF8F7AB7068A234306C5AD9A00122B
300434062556460,300434062556460,2018-09-21 06:48:33, 19.716224, -66.381799, 0.00, 7, 1.5, 13, 43, , , , 01FD0048CF8F01A3068A230006C5AD19000D2B
300434062556460,300434062556460,2018-09-21 06:42:34, 19.716259, -66.382841, 0.00, 8, 3.0, 20, 43, , , , 01FD0048CF8D9AAE068A232306C5A90700142B
300434062556460,300434062556460,2018-09-21 06:40:33, 19.716356, -66.383631, 0.00, 6, 0.5, 12, 42, , , , 01FD0048CF8D2199068A238406C5A5F1000C2A
300434062556460,300434062556460,2018-09-21 06:38:33, 19.716167, -66.385336, 2.00, 6, 3.5, 12, 42, , , , 01FD0048CF8CA99F068A22C706C59F48020C2A
300434062556460,300434062556460,2018-09-21 06:36:52, 19.714827, -66.386403, 2.00, 7, 3.0, 29, 61, , , , 01FD0048CF8C44A6068A1D8B06C59B1D021D3D
300434062556460,300434062556460,2018-09-20 16:59:33, 19.720215, -66.494799, 0.00, 7, 1.5, 16, 98, , , , 01FD0048CECCB5A3068A329706C3F3B1001062
300434062556460,300434062556460,2018-09-20 16:57:27, 19.720094, -66.495241, 0.00, 7, 3.0, 33, 92, , , , 01FD0048CECC37A6068A321E06C3F1F700215C
300434062556460,300434062556460,2018-09-20 16:54:33, 19.720103, -66.496433, 0.00, 5, 2.0, 12, 38, , , , 01FD0048CECB8994068A322706C3ED4F000C26
300434062556460,300434062556460,2018-09-20 16:52:33, 19.720153, -66.497337, 0.00, 7, 3.5, 9, 38, , , , 01FD0048CECB11A7068A325906C3E9C7000926
300434062556460,300434062556460,2018-09-20 16:51:04, 19.720017, -66.497953, 0.00, 5, 1.5, 14, 69, , , , 01FD0048CECAB893068A31D106C3E75F000E45
300434062556460,300434062556460,2018-09-20 16:48:24, 19.720173, -66.498877, 0.00, 4, 3.0, 45, 255, , , , 01FD0048CECA188E068A326D06C3E3C3002DFF
300434062556460,300434062556460,2018-09-20 16:43:33, 19.720044, -66.498590, 0.00, 7, 3.0, 11, 98, , , , 01FD0048CEC8F5A6068A31EC06C3E4E2000B62
300434062556460,300434062556460,2018-09-20 16:40:53, 19.719860, -66.498566, 0.00, 5, 2.5, 40, 178, , , , 01FD0048CEC85595068A313406C3E4FA0028B2
300434062556460,300434062556460,2018-09-20 16:36:21, 19.719575, -66.498511, 0.00, 7, 3.5, 9, 86, , , , 01FD0048CEC745A7068A301706C3E531000956
300434062556460,300434062556460,2018-09-20 12:06:33, 19.721716, -66.497950, 0.00, 4, 3.0, 18, 37, , , , 01FD0048CE88098E068A387406C3E762001225
300434062556460,300434062556460,2018-09-20 12:04:33, 19.721953, -66.498328, 0.00, 7, 2.0, 18, 37, , , , 01FD0048CE8791A4068A396106C3E5E8001225
300434062556460,300434062556460,2018-09-20 12:02:51, 19.722185, -66.498855, 1.00, 5, 1.0, 41, 55, , , , 01FD0048CE872B92068A3A4906C3E3D9012937
300434062556460,300434062556460,2018-09-20 12:00:51, 19.722897, -66.500079, 1.00, 6, 2.0, 15, 55, , , , 01FD0048CE86B39C068A3D1106C3DF11010F37
300434062556460,300434062556460,2018-09-20 11:58:33, 19.720920, -66.499813, 3.00, 4, 1.0, 35, 37, , , , 01FD0048CE86298A068A355806C3E01B032325
300434062556460,300434062556460,2018-09-20 11:56:33, 19.718418, -66.496268, 4.00, 6, 1.0, 11, 37, , , , 01FD0048CE85B19A068A2B9206C3EDF4040B25
300434062556460,300434062556460,2018-09-20 11:54:33, 19.715699, -66.493220, 3.00, 7, 3.5, 47, 37, , , , 01FD0048CE8539A7068A20F306C3F9DC032F25
300434062556460,300434062556460,2018-09-20 11:53:03, 19.713655, -66.490463, 3.00, 7, 3.5, 15, 67, , , , 01FD0048CE84DFA7068A18F706C404A1030F43
300434062556460,300434062556460,2018-09-20 11:50:33, 19.711265, -66.487849, 2.00, 5, 0.5, 20, 37, , , , 01FD0048CE844991068A0FA106C40ED7021425
300434062556460,300434062556460,2018-09-20 11:48:33, 19.711484, -66.489279, 1.00, 7, 1.5, 13, 37, , , , 01FD0048CE83D1A3068A107C06C40941010D25
300434062556460,300434062556460,2018-09-20 11:46:33, 19.711847, -66.489541, 0.00, 7, 1.5, 13, 37, , , , 01FD0048CE8359A3068A11E706C4083B000D25
300434062556460,300434062556460,2018-09-20 11:44:33, 19.712192, -66.489726, 0.00, 7, 3.0, 13, 37, , , , 01FD0048CE82E1A6068A134006C40782000D25
300434062556460,300434062556460,2018-09-20 11:42:33, 19.712442, -66.490018, 0.00, 5, 0.5, 13, 37, , , , 01FD0048CE826991068A143A06C4065E000D25
300434062556460,300434062556460,2018-09-20 11:40:33, 19.712707, -66.490340, 0.00, 7, 0.5, 10, 37, , , , 01FD0048CE81F1A1068A154306C4051C000A25
300434062556460,300434062556460,2018-09-20 11:38:33, 19.712914, -66.490663, 0.00, 5, 3.0, 24, 37, , , , 01FD0048CE817996068A161206C403D9001825
300434062556460,300434062556460,2018-09-20 11:36:33, 19.713170, -66.490947, 0.00, 7, 3.5, 14, 37, , , , 01FD0048CE8101A7068A171206C402BD000E25
300434062556460,300434062556460,2018-09-20 11:34:33, 19.713387, -66.491069, 0.00, 7, 1.5, 15, 37, , , , 01FD0048CE8089A3068A17EB06C40243000F25
300434062556460,300434062556460,2018-09-20 11:32:40, 19.713557, -66.491181, 0.00, 4, 2.0, 50, 44, , , , 01FD0048CE80188C068A189506C401D300322C
300434062556460,300434062556460,2018-09-20 11:30:58, 19.713874, -66.491126, 0.00, 5, 3.0, 34, 62, , , , 01FD0048CE7FB296068A19D206C4020A00223E
300434062556460,300434062556460,2018-09-20 11:29:22, 19.714137, -66.491120, 0.00, 5, 2.0, 40, 86, , , , 01FD0048CE7F5294068A1AD906C40210002856
300434062556460,300434062556460,2018-09-20 11:26:33, 19.714613, -66.491069, 0.00, 6, 1.5, 14, 37, , , , 01FD0048CE7EA99B068A1CB506C40243000E25
300434062556460,300434062556460,2018-09-20 11:24:33, 19.714833, -66.491380, 0.00, 7, 3.5, 13, 37, , , , 01FD0048CE7E31A7068A1D9106C4010C000D25
300434062556460,300434062556460,2018-09-20 11:23:06, , , , , , , , 27.2, 47, Battery Status Request, 03820648CE7DDA01102F000000000000
300434062556460,300434062556460,2018-09-20 11:22:51, 19.715016, -66.491600, 0.00, 5, 1.5, 15, 55, , , , 01FD0048CE7DCB93068A1E4806C40030000F37
300434062556460,300434062556460,2018-09-20 08:04:33, 19.695512, -66.348725, 0.00, 5, 2.0, 14, 36, , , , 01FD0048CE4F51940689D21806C62E4B000E24
300434062556460,300434062556460,2018-09-20 08:02:57, 19.695611, -66.349218, 0.00, 5, 1.0, 14, 60, , , , 01FD0048CE4EF1920689D27B06C62C5E000E3C
300434062556460,300434062556460,2018-09-20 07:58:34, 19.695956, -66.350272, 0.00, 4, 2.0, 20, 36, , , , 01FD0048CE4DEA8C0689D3D406C62840001424
300434062556460,300434062556460,2018-09-19 15:22:33, 19.698903, -66.353354, 0.00, 6, 2.0, 21, 31, , , , 01FD0048CD64799C0689DF5706C61C3600151F
300434062556460,300434062556460,2018-09-19 15:20:51, 19.699238, -66.353831, 0.00, 7, 0.5, 12, 49, , , , 01FD0048CD6413A10689E0A606C61A59000C31
300434062556460,300434062556460,2018-09-19 15:18:33, 19.699633, -66.354649, 0.00, 5, 1.5, 17, 31, , , , 01FD0048CD6389930689E23106C6172700111F
300434062556460,300434062556460,2018-09-19 15:16:33, 19.699671, -66.355144, 0.00, 7, 2.0, 19, 31, , , , 01FD0048CD6311A40689E25706C6153800131F
300434062556460,300434062556460,2018-09-19 15:14:33, 19.699996, -66.355235, 0.00, 7, 2.0, 15, 31, , , , 01FD0048CD6299A40689E39C06C614DD000F1F
300434062556460,300434062556460,2018-09-19 15:12:57, 19.699946, -66.355638, 0.00, 7, 3.5, 29, 55, , , , 01FD0048CD6239A70689E36A06C6134A001D37
300434062556460,300434062556460,2018-09-19 15:10:51, 19.699805, -66.355866, 0.00, 3, 3.5, 34, 49, , , , 01FD0048CD61BB870689E2DD06C61266002231
300434062556460,300434062556460,2018-09-19 15:08:33, 19.700053, -66.356281, 0.00, 5, 2.0, 20, 31, , , , 01FD0048CD6131940689E3D506C610C700141F
300434062556460,300434062556460,2018-09-19 15:06:33, 19.699894, -66.356725, 0.00, 5, 2.0, 19, 31, , , , 01FD0048CD60B9940689E33606C60F0B00131F
300434062556460,300434062556460,2018-09-19 15:04:33, 19.700168, -66.357294, 0.00, 5, 2.0, 29, 31, , , , 01FD0048CD6041940689E44806C60CD2001D1F
300434062556460,300434062556460,2018-09-19 15:02:34, 19.700146, -66.357681, 0.00, 5, 1.5, 19, 32, , , , 01FD0048CD5FCA930689E43206C60B4F001320
300434062556460,300434062556460,2018-09-19 15:00:56, 19.700278, -66.357938, 0.00, 6, 3.5, 50, 54, , , , 01FD0048CD5F689F0689E4B606C60A4E003236
300434062556460,300434062556460,2018-09-19 14:58:33, 19.700400, -66.358721, 0.00, 7, 0.5, 23, 31, , , , 01FD0048CD5ED9A10689E53006C6073F00171F
300434062556460,300434062556460,2018-09-19 14:54:33, 19.700522, -66.359355, 0.00, 6, 3.0, 12, 31, , , , 01FD0048CD5DE99E0689E5AA06C604C5000C1F
300434062556460,300434062556460,2018-09-19 14:52:33, 19.700758, -66.359719, 0.00, 7, 1.5, 11, 31, , , , 01FD0048CD5D71A30689E69606C60359000B1F
300434062556460,300434062556460,2018-09-19 14:50:33, 19.700802, -66.360282, 0.00, 7, 3.0, 10, 31, , , , 01FD0048CD5CF9A60689E6C206C60126000A1F
300434062556460,300434062556460,2018-09-19 14:48:33, 19.700856, -66.360892, 0.00, 6, 0.5, 11, 31, , , , 01FD0048CD5C81990689E6F806C5FEC4000B1F
300434062556460,300434062556460,2018-09-19 10:50:51, 19.703441, -66.452932, 0.00, 7, 2.0, 19, 48, , , , 01FD0048CD24CBA40689F11106C4973C001330
300434062556460,300434062556460,2018-09-19 10:48:55, 19.703689, -66.453506, 0.00, 7, 3.0, 19, 66, , , , 01FD0048CD2457A60689F20906C494FE001342
300434062556460,300434062556460,2018-09-19 10:47:03, 19.704175, -66.453999, 0.00, 4, 2.0, 20, 71, , , , 01FD0048CD23E78C0689F3EF06C49311001447
300434062556460,300434062556460,2018-09-19 10:44:33, 19.705166, -66.454103, 0.00, 5, 2.0, 12, 41, , , , 01FD0048CD2351940689F7CE06C492A9000C29
300434062556460,300434062556460,2018-09-19 10:42:33, 19.705765, -66.453601, 0.00, 7, 2.0, 11, 41, , , , 01FD0048CD22D9A40689FA2506C4949F000B29
300434062556460,300434062556460,2018-09-19 10:41:04, 19.706081, -66.453306, 1.00, 4, 0.5, 14, 71, , , , 01FD0048CD2280890689FB6106C495C6010E47
300434062556460,300434062556460,2018-09-19 10:31:52, 19.707004, -66.452506, 0.00, 3, 3.5, 41, 119, , , , 01FD0048CD2058870689FEFC06C498E6002977
300434062556460,300434062556460,2018-09-19 10:28:44, 19.707291, -66.452353, 0.00, 7, 3.5, 51, 255, , , , 01FD0048CD1F9CA7068A001B06C4997F0033FF
300434062556460,300434062556460,2018-09-19 10:22:51, 19.707775, -66.451619, 0.00, 6, 1.5, 50, 178, , , , 01FD0048CD1E3B9B068A01FF06C49C5D0032B2
300434062556460,300434062556460,2018-09-18 14:42:33, 19.711007, -66.450866, 0.00, 4, 3.0, 26, 35, , , , 01FD0048CC09998E068A0E9F06C49F4E001A23
300434062556460,300434062556460,2018-09-18 14:40:33, 19.711231, -66.451002, 0.00, 7, 3.0, 30, 35, , , , 01FD0048CC0921A6068A0F7F06C49EC6001E23
300434062556460,300434062556460,2018-09-18 14:38:33, 19.711842, -66.451164, 0.00, 7, 3.5, 11, 35, , , , 01FD0048CC08A9A7068A11E206C49E24000B23
300434062556460,300434062556460,2018-09-18 14:36:51, 19.711872, -66.451957, 1.00, 4, 0.5, 29, 53, , , , 01FD0048CC084389068A120006C49B0B011D35
300434062556460,300434062556460,2018-09-18 14:34:34, 19.711021, -66.451781, 0.00, 7, 0.5, 13, 36, , , , 01FD0048CC07BAA1068A0EAD06C49BBB000D24
300434062556460,300434062556460,2018-09-18 14:32:33, 19.711095, -66.451546, 0.00, 3, 3.5, 45, 35, , , , 01FD0048CC074187068A0EF706C49CA6002D23
300434062556460,300434062556460,2018-09-18 14:30:33, 19.711020, -66.451399, 0.00, 5, 2.0, 27, 35, , , , 01FD0048CC06C994068A0EAC06C49D39001B23
300434062556460,300434062556460,2018-09-18 14:28:33, 19.711134, -66.451663, 0.00, 4, 2.0, 29, 35, , , , 01FD0048CC06518C068A0F1E06C49C31001D23
300434062556460,300434062556460,2018-09-18 14:26:33, 19.711813, -66.451694, 1.00, 7, 2.0, 27, 35, , , , 01FD0048CC05D9A4068A11C506C49C12011B23
300434062556460,300434062556460,2018-09-18 14:24:33, 19.712044, -66.451385, 0.00, 5, 2.0, 30, 35, , , , 01FD0048CC056194068A12AC06C49D47001E23
300434062556460,300434062556460,2018-09-18 14:22:51, 19.712149, -66.451241, 0.00, 5, 3.5, 34, 53, , , , 01FD0048CC04FB97068A131506C49DD7002235
300434062556460,300434062556460,2018-09-18 14:20:33, 19.712067, -66.451564, 0.00, 7, 1.5, 29, 35, , , , 01FD0048CC0471A3068A12C306C49C94001D23
300434062556460,300434062556460,2018-09-18 14:18:33, 19.711362, -66.451660, 0.00, 5, 3.5, 13, 35, , , , 01FD0048CC03F997068A100206C49C34000D23
300434062556460,300434062556460,2018-09-18 14:16:57, 19.711112, -66.451451, 0.00, 7, 1.5, 22, 59, , , , 01FD0048CC0399A3068A0F0806C49D0500163B
300434062556460,300434062556460,2018-09-18 12:23:04, 19.798873, -66.383320, 0.00, 7, 1.5, 47, 65, , , , 01FD0048CBE8E8A3068B65D906C5A728002F41
300434062556460,300434062556460,2018-09-18 12:21:04, 19.798795, -66.382836, 0.00, 7, 0.5, 32, 65, , , , 01FD0048CBE870A1068B658B06C5A90C002041
300434062556460,300434062556460,2018-09-18 12:18:48, 19.798645, -66.382370, 0.00, 7, 2.0, 19, 52, , , , 01FD0048CBE7E8A4068B64F506C5AADE001334
300434062556460,300434062556460,2018-09-18 12:16:33, 19.798457, -66.381888, 0.00, 5, 1.0, 14, 34, , , , 01FD0048CBE76192068B643906C5ACC0000E22
300434062556460,300434062556460,2018-09-18 12:14:52, 19.798523, -66.381580, 0.00, 7, 3.5, 30, 53, , , , 01FD0048CBE6FCA7068B647B06C5ADF4001E35
300434062556460,300434062556460,2018-09-18 12:13:27, 19.798495, -66.381294, 1.00, 6, 3.5, 47, 88, , , , 01FD0048CBE6A79F068B645F06C5AF12012F58
300434062556460,300434062556460,2018-09-18 12:10:35, 19.798284, -66.380691, 0.00, 4, 2.0, 44, 36, , , , 01FD0048CBE5FB8C068B638C06C5B16D002C24
300434062556460,300434062556460,2018-09-18 12:08:58, 19.798212, -66.380376, 0.00, 4, 1.0, 36, 59, , , , 01FD0048CBE59A8A068B634406C5B2A800243B
300434062556460,300434062556460,2018-09-18 12:06:33, 19.798054, -66.379891, 0.00, 7, 3.5, 13, 34, , , , 01FD0048CBE509A7068B62A606C5B48D000D22
300434062556460,300434062556460,2018-09-18 12:04:33, 19.798087, -66.379483, 1.00, 3, 3.5, 42, 34, , , , 01FD0048CBE49187068B62C706C5B625012A22
300434062556460,300434062556460,2018-09-18 12:03:03, 19.797868, -66.379183, 0.00, 7, 0.5, 10, 64, , , , 01FD0048CBE437A1068B61EC06C5B751000A40
300434062556460,300434062556460,2018-09-18 12:00:33, 19.797786, -66.378673, 0.00, 7, 0.5, 11, 34, , , , 01FD0048CBE3A1A1068B619A06C5B94F000B22
300434062556460,300434062556460,2018-09-18 11:58:58, 19.797717, -66.378303, 0.00, 7, 3.0, 23, 59, , , , 01FD0048CBE342A6068B615506C5BAC100173B
300434062556460,300434062556460,2018-09-18 11:55:51, 19.797663, -66.377660, 0.00, 7, 1.5, 14, 52, , , , 01FD0048CBE287A3068B611F06C5BD44000E34
300434062556460,300434062556460,2018-09-18 06:54:33, 19.800385, -66.374257, 0.00, 4, 3.0, 10, 33, , , , 01FD0048CB9BE98E068B6BC106C5CA8F000A21
300434062556460,300434062556460,2018-09-18 06:52:33, 19.800360, -66.374422, 0.00, 6, 3.5, 18, 33, , , , 01FD0048CB9B719F068B6BA806C5C9EA001221
300434062556460,300434062556460,2018-09-18 06:50:33, 19.800107, -66.374421, 0.00, 6, 1.5, 12, 33, , , , 01FD0048CB9AF99B068B6AAB06C5C9EB000C21
300434062556460,300434062556460,2018-09-18 06:48:33, 19.799864, -66.374054, 0.00, 7, 0.5, 8, 33, , , , 01FD0048CB9A81A1068B69B806C5CB5A000821
300434062556460,300434062556460,2018-09-18 06:46:33, 19.799934, -66.373653, 0.00, 6, 1.5, 8, 33, , , , 01FD0048CB9A099B068B69FE06C5CCEB000821
300434062556460,300434062556460,2018-09-18 06:44:33, 19.799989, -66.373233, 0.00, 8, 2.5, 9, 33, , , , 01FD0048CB9991AD068B6A3506C5CE8F000921
300434062556460,300434062556460,2018-09-18 06:42:33, 19.800036, -66.372843, 0.00, 8, 1.0, 10, 33, , , , 01FD0048CB9919AA068B6A6406C5D015000A21
300434062556460,300434062556460,2018-09-18 06:40:34, 19.800086, -66.372457, 0.00, 9, 2.0, 8, 34, , , , 01FD0048CB98A2B4068B6A9606C5D197000822
300434062556460,300434062556460,2018-09-18 06:38:33, 19.800142, -66.372086, 0.00, 7, 1.5, 11, 33, , , , 01FD0048CB9829A3068B6ACE06C5D30A000B21
300434062556460,300434062556460,2018-09-18 06:36:33, 19.800182, -66.371767, 0.00, 6, 3.0, 10, 33, , , , 01FD0048CB97B19E068B6AF606C5D449000A21
300434062556460,300434062556460,2018-09-18 06:34:33, 19.800153, -66.371441, 0.00, 3, 0.5, 12, 33, , , , 01FD0048CB973981068B6AD906C5D58F000C21
300434062556460,300434062556460,2018-09-18 06:32:33, 19.800039, -66.371128, 0.00, 7, 2.0, 12, 33, , , , 01FD0048CB96C1A4068B6A6706C5D6C8000C21
300434062556460,300434062556460,2018-09-18 06:30:34, 19.799967, -66.370755, 0.00, 8, 1.0, 10, 33, , , , 01FD0048CB964AAA068B6A1F06C5D83D000A21
300434062556460,300434062556460,2018-09-18 06:28:34, 19.800008, -66.370405, 0.00, 6, 0.5, 23, 33, , , , 01FD0048CB95D299068B6A4806C5D99B001721
300434062556460,300434062556460,2018-09-18 06:24:52, 19.800002, -66.369799, 0.00, 5, 3.0, 17, 51, , , , 01FD0048CB94F496068B6A4206C5DBF9001133
300434062556460,300434062556460,2018-09-18 06:22:34, 19.799911, -66.369496, 0.00, 7, 2.0, 13, 33, , , , 01FD0048CB946AA4068B69E706C5DD28000D21
300434062556460,300434062556460,2018-09-18 06:20:33, 19.799758, -66.369261, 0.00, 6, 3.0, 19, 43, , , , 01FD0048CB93F19E068B694E06C5DE1300132B
300434062556460,300434062556460,2018-09-17 09:34:51, 19.359962, -65.342396, 0.00, 7, 0.5, 18, 55, , , , 01FD0048CA6FFBA10684B35A06D58944001237
300434062556460,300434062556460,2018-09-17 09:32:33, 19.360012, -65.341641, 0.00, 7, 2.0, 12, 37, , , , 01FD0048CA6F71A40684B38C06D58C37000C25
300434062556460,300434062556460,2018-09-17 09:30:35, 19.360067, -65.341116, 0.00, 6, 2.0, 31, 39, , , , 01FD0048CA6EFB9C0684B3C306D58E44001F27
300434062556460,300434062556460,2018-09-17 09:29:33, 19.360195, -65.340849, 0.00, 7, 1.5, 18, 97, , , , 01FD0048CA6EBDA30684B44306D58F4F001261
300434062556460,300434062556460,2018-09-17 09:27:03, 19.360351, -65.340178, 0.00, 5, 0.5, 22, 187, , , , 01FD0048CA6E27910684B4DF06D591EE0016BB
300434062556460,300434062556460,2018-09-17 09:23:01, 0.0000000, 0.0000000, 0.00, 0, , 0, , , , GPS Timeout, 01FD0048CA6D3509055D4A800ABA9500000000
300434062556460,300434062556460,2018-09-17 09:15:01, 0.0000000, 0.0000000, 0.00, 0, , 0, , , , GPS Timeout, 01FD0048CA6B5509055D4A800ABA9500000000
300434062556460,300434062556460,2018-09-16 16:19:03, 19.359051, -65.346861, 0.00, 4, 3.5, 19, 62, , , , 01FD0048C97D378F0684AFCB06D577D300133E
300434062556460,300434062556460,2018-09-16 16:16:33, 19.359111, -65.347209, 0.00, 6, 1.0, 17, 32, , , , 01FD0048C97CA19A0684B00706D57677001120
300434062556460,300434062556460,2018-09-16 16:14:35, 19.359154, -65.347420, 0.00, 5, 1.0, 30, 34, , , , 01FD0048C97C2B920684B03206D575A4001E22
300434062556460,300434062556460,2018-09-16 16:12:51, 19.359156, -65.347588, 0.00, 7, 0.5, 14, 50, , , , 01FD0048C97BC3A10684B03406D574FC000E32
300434062556460,300434062556460,2018-09-16 16:10:33, 19.359098, -65.347895, 0.00, 7, 0.5, 14, 32, , , , 01FD0048C97B39A10684AFFA06D573C9000E20
300434062556460,300434062556460,2018-09-16 16:08:33, 19.359021, -65.348222, 0.00, 7, 3.5, 11, 43, , , , 01FD0048C97AC1A70684AFAD06D57282000B2B
300434062556460,300434062556460,2018-09-16 16:06:50, 19.358941, -65.348540, 0.00, 7, 0.5, 50, 60, , , , 01FD0048C97A5AA10684AF5D06D5714400323C
300434062556460,300434062556460,2018-09-16 10:52:33, 19.479515, -65.426123, 1.00, 7, 3.0, 9, 42, , , , 01FD0048C930B1A60686865B06D4423501092A
300434062556460,300434062556460,2018-09-16 10:50:33, 19.478612, -65.426936, 1.00, 6, 3.5, 12, 42, , , , 01FD0048C930399F068682D406D43F08010C2A
300434062556460,300434062556460,2018-09-16 10:48:33, 19.477714, -65.426228, 0.00, 7, 3.5, 14, 42, , , , 01FD0048C92FC1A706867F5206D441CC000E2A
300434062556460,300434062556460,2018-09-16 10:47:12, 19.477599, -65.425765, 0.00, 5, 2.5, 44, 80, , , , 01FD0048C92F709506867EDF06D4439B002C50
300434062556460,300434062556460,2018-09-16 10:44:58, 19.477695, -65.425322, 0.00, 7, 0.5, 34, 67, , , , 01FD0048C92EEAA106867F3F06D44556002243
300434062556460,300434062556460,2018-09-16 10:42:33, 19.477664, -65.425040, 0.00, 5, 3.0, 45, 42, , , , 01FD0048C92E599606867F2006D44670002D2A
300434062556460,300434062556460,2018-09-16 10:40:33, 19.477645, -65.424725, 0.00, 7, 3.5, 22, 42, , , , 01FD0048C92DE1A706867F0D06D447AB00162A
300434062556460,300434062556460,2018-09-16 10:37:21, 19.477331, -65.424748, 0.00, 7, 1.5, 34, 90, , , , 01FD0048C92D21A306867DD306D4479400225A
300434062556460,300434062556460,2018-09-16 10:33:28, 19.476856, -65.425248, 0.00, 7, 0.5, 16, 96, , , , 01FD0048C92C38A106867BF806D445A0001060
300434062556460,300434062556460,2018-09-16 10:31:04, 19.476668, -65.425430, 0.00, 3, 3.5, 42, 72, , , , 01FD0048C92BA88706867B3C06D444EA002A48
300434062556460,300434062556460,2018-09-16 10:29:04, 19.476453, -65.425612, 0.00, 6, 0.5, 11, 72, , , , 01FD0048C92B309906867A6506D44434000B48
300434062556460,300434062556460,2018-09-16 10:22:33, 19.475890, -65.426093, 0.00, 5, 3.0, 18, 41, , , , 01FD0048C929A9960686783206D44253001229
300434062556460,300434062556460,2018-09-16 10:20:27, 19.475694, -65.426266, 0.00, 7, 1.5, 16, 155, , , , 01FD0048C9292BA30686776E06D441A600109B
300434062556460,300434062556460,2018-09-16 06:46:50, 19.473704, -65.435752, 0.00, 5, 1.5, 50, 57, , , , 01FD0048C8F71A9306866FA806D41C98003239
300434062556460,300434062556460,2018-09-16 06:44:33, 19.473130, -65.436409, 0.00, 6, 1.5, 13, 40, , , , 01FD0048C8F6919B06866D6A06D41A07000D28
300434062556460,300434062556460,2018-09-16 06:42:33, 19.472551, -65.437002, 0.00, 6, 1.0, 17, 40, , , , 01FD0048C8F6199A06866B2706D417B6001128
300434062556460,300434062556460,2018-09-16 06:40:57, 19.472103, -65.437489, 1.00, 5, 1.5, 30, 64, , , , 01FD0048C8F5B9930686696706D415CF011E40
300434062556460,300434062556460,2018-09-16 06:38:33, 19.471577, -65.438450, 0.00, 7, 0.5, 21, 40, , , , 01FD0048C8F529A10686675906D4120E001528
300434062556460,300434062556460,2018-09-16 06:36:51, 19.471456, -65.439112, 0.00, 7, 3.0, 29, 58, , , , 01FD0048C8F4C3A6068666E006D40F78001D3A
300434062556460,300434062556460,2018-09-16 06:34:33, 19.471151, -65.440146, 1.00, 7, 3.5, 19, 40, , , , 01FD0048C8F439A7068665AF06D40B6E011328
300434062556460,300434062556460,2018-09-16 06:31:05, 19.474375, -65.440684, 2.00, 7, 2.0, 40, 72, , , , 01FD0048C8F369A40686724706D40954022848
300434062556460,300434062556460,2018-09-16 06:28:33, 19.478011, -65.440484, 2.00, 6, 3.5, 32, 40, , , , 01FD0048C8F2D19F0686807B06D40A1C022028
300434062556460,300434062556460,2018-09-16 06:27:27, 19.479455, -65.440283, 2.00, 5, 2.5, 35, 94, , , , 01FD0048C8F28F950686861F06D40AE502235E
300434062556460,300434062556460,2018-09-16 06:22:51, 19.485612, -65.440089, 2.00, 5, 1.0, 21, 58, , , , 01FD0048C8F17B9206869E2C06D40BA702153A
300434062556460,300434062556460,2018-09-16 06:20:33, 19.488643, -65.439869, 2.00, 5, 2.0, 21, 40, , , , 01FD0048C8F0F1940686AA0306D40C83021528
300434062556460,300434062556460,2018-09-16 06:19:04, 19.490635, -65.439859, 1.00, 6, 3.0, 32, 71, , , , 01FD0048C8F0989E0686B1CB06D40C8D012047
300434062556460,300434062556460,2018-09-15 18:03:33, 18.999360, -65.483452, 0.00, 7, 2.0, 10, 96, , , , 01FD0048C84435A4067F32C006D36244000A60
300434062556460,300434062556460,2018-09-15 17:58:52, 18.999457, -65.484228, 0.00, 6, 1.5, 49, 58, , , , 01FD0048C8431C9B067F332106D35F3C00313A
300434062556460,300434062556460,2018-09-15 17:56:35, 18.999606, -65.483919, 0.00, 6, 2.0, 42, 38, , , , 01FD0048C842939C067F33B606D36071002A26
300434062556460,300434062556460,2018-09-15 17:55:03, 18.999750, -65.483702, 0.00, 5, 3.5, 25, 66, , , , 01FD0048C8423797067F344606D3614A001942
300434062556460,300434062556460,2018-09-15 17:51:21, 18.999870, -65.483480, 0.00, 7, 3.5, 45, 84, , , , 01FD0048C84159A7067F34BE06D36228002D54
300434062556460,300434062556460,2018-09-15 17:48:04, 18.999644, -65.483314, 0.00, 5, 1.0, 30, 127, , , , 01FD0048C8409492067F33DC06D362CE001E7F
300434062556460,300434062556460,2018-09-15 17:36:34, 18.999159, -65.482820, 0.00, 7, 0.5, 18, 97, , , , 01FD0048C83DE2A1067F31F706D364BC001261
300434062556460,300434062556460,2018-09-15 15:04:33, 19.001972, -65.485477, 0.00, 7, 0.5, 23, 36, , , , 01FD0048C81A41A1067F3CF406D35A5B001724
300434062556460,300434062556460,2018-09-15 15:02:33, 19.001858, -65.486036, 0.00, 6, 2.0, 27, 36, , , , 01FD0048C819C99C067F3C8206D3582C001B24
300434062556460,300434062556460,2018-09-15 14:58:33, 19.001688, -65.487691, 0.00, 5, 1.5, 11, 36, , , , 01FD0048C818D993067F3BD806D351B5000B24
300434062556460,300434062556460,2018-09-15 14:57:03, 19.001728, -65.488311, 0.00, 7, 1.5, 15, 66, , , , 01FD0048C8187FA3067F3C0006D34F49000F42
300434062556460,300434062556460,2018-09-15 14:54:34, 19.001748, -65.489318, 0.00, 5, 2.5, 47, 36, , , , 01FD0048C817EA95067F3C1406D34B5A002F24
300434062556460,300434062556460,2018-09-15 14:52:34, 19.001756, -65.489980, 0.00, 6, 0.5, 33, 36, , , , 01FD0048C8177299067F3C1C06D348C4002124
300434062556460,300434062556460,2018-09-15 14:50:58, 19.001698, -65.490468, 0.00, 5, 3.5, 34, 60, , , , 01FD0048C8171297067F3BE206D346DC00223C
300434062556460,300434062556460,2018-09-15 14:48:34, 19.001448, -65.491239, 0.00, 6, 3.0, 32, 36, , , , 01FD0048C816829E067F3AE806D343D9002024
300434062556460,300434062556460,2018-09-15 14:46:34, 19.000711, -65.492522, 2.00, 6, 0.5, 14, 36, , , , 01FD0048C8160A99067F380706D33ED6020E24
300434062556460,300434062556460,2018-09-15 14:44:35, 18.997384, -65.490465, 5.00, 7, 1.5, 21, 37, , , , 01FD0048C81593A3067F2B0806D346DF051525
300434062556460,300434062556460,2018-09-15 14:42:35, 18.993207, -65.485777, 5.00, 4, 2.5, 35, 37, , , , 01FD0048C8151B8D067F1AB706D3592F052325
300434062556460,300434062556460,2018-09-15 10:52:04, 18.856899, -65.355686, 0.00, 7, 3.5, 20, 125, , , , 01FD0048C7DF14A7067D064306D5555A00147D
300434062556460,300434062556460,2018-09-15 10:47:57, 18.856441, -65.356529, 0.00, 7, 0.5, 27, 118, , , , 01FD0048C7DE1DA1067D047906D5520F001B76
300434062556460,300434062556460,2018-09-15 10:44:57, 18.855962, -65.357054, 0.00, 4, 0.5, 36, 58, , , , 01FD0048C7DD6989067D029A06D5500200243A
300434062556460,300434062556460,2018-09-15 10:43:28, 18.855609, -65.356802, 0.00, 7, 3.0, 38, 89, , , , 01FD0048C7DD10A6067D013906D550FE002659
300434062556460,300434062556460,2018-09-15 08:28:33, 18.854073, -65.358877, 0.00, 7, 3.5, 9, 34, , , , 01FD0048C7BD71A7067CFB3906D548E3000922
300434062556460,300434062556460,2018-09-15 08:26:33, 18.853718, -65.359114, 0.00, 7, 2.0, 8, 34, , , , 01FD0048C7BCF9A4067CF9D606D547F6000822
300434062556460,300434062556460,2018-09-15 08:24:33, 18.853396, -65.359263, 0.00, 6, 3.0, 9, 34, , , , 01FD0048C7BC819E067CF89406D54761000922
300434062556460,300434062556460,2018-09-15 08:22:33, 18.853090, -65.359489, 0.00, 5, 0.5, 12, 34, , , , 01FD0048C7BC0991067CF76206D5467F000C22
300434062556460,300434062556460,2018-09-15 08:20:33, 18.852680, -65.359834, 0.00, 6, 0.5, 9, 34, , , , 01FD0048C7BB9199067CF5C806D54526000922
300434062556460,300434062556460,2018-09-15 08:18:33, 18.852066, -65.360330, 1.00, 6, 3.5, 8, 34, , , , 01FD0048C7BB199F067CF36206D54336010822
300434062556460,300434062556460,2018-09-15 08:16:33, 18.851967, -65.361587, 1.00, 3, 3.5, 40, 34, , , , 01FD0048C7BAA187067CF2FF06D53E4D012822
300434062556460,300434062556460,2018-09-15 08:12:33, 18.853306, -65.360161, 0.00, 5, 2.5, 14, 34, , , , 01FD0048C7B9B195067CF83A06D543DF000E22
300434062556460,300434062556460,2018-09-15 08:10:33, 18.853631, -65.359213, 0.00, 7, 3.0, 10, 34, , , , 01FD0048C7B939A6067CF97F06D54793000A22
300434062556460,300434062556460,2018-09-15 08:08:33, 18.853909, -65.357771, 1.00, 7, 0.5, 10, 34, , , , 01FD0048C7B8C1A1067CFA9506D54D35010A22
300434062556460,300434062556460,2018-09-15 08:02:34, 18.854313, -65.352211, 1.00, 5, 1.0, 16, 34, , , , 01FD0048C7B75A92067CFC2906D562ED011022
300434062556460,300434062556460,2018-09-15 08:00:34, 18.854583, -65.350399, 1.00, 7, 3.0, 15, 34, , , , 01FD0048C7B6E2A6067CFD3706D56A01010F22
300434062556460,300434062556460,2018-09-15 07:58:34, 18.854925, -65.348572, 1.00, 7, 3.5, 8, 34, , , , 01FD0048C7B66AA7067CFE8D06D57124010822
300434062556460,300434062556460,2018-09-15 07:56:34, 18.855316, -65.346779, 1.00, 6, 3.5, 10, 34, , , , 01FD0048C7B5F29F067D001406D57825010A22
300434062556460,300434062556460,2018-09-15 07:54:52, 18.855641, -65.345390, 1.00, 6, 3.5, 12, 52, , , , 01FD0048C7B58C9F067D015906D57D92010C34
300434062556460,300434062556460,2018-09-15 07:50:33, 18.857088, -65.344129, 0.00, 7, 1.5, 14, 34, , , , 01FD0048C7B489A3067D070006D5827F000E22
300434062556460,300434062556460,2018-09-15 07:48:33, 18.857186, -65.344796, 0.00, 7, 3.0, 21, 33, , , , 01FD0048C7B411A6067D076206D57FE4001521
300434062556460,300434062556460,2018-09-15 07:46:33, 18.857203, -65.345172, 0.00, 7, 1.5, 14, 33, , , , 01FD0048C7B399A3067D077306D57E6C000E21
300434062556460,300434062556460,2018-09-15 07:44:33, 18.856908, -65.345413, 0.00, 7, 3.5, 9, 34, , , , 01FD0048C7B321A7067D064C06D57D7B000922
300434062556460,300434062556460,2018-09-15 07:42:34, 18.856696, -65.345368, 0.00, 9, 1.0, 16, 34, , , , 01FD0048C7B2AAB2067D057806D57DA8001022
300434062556460,300434062556460,2018-09-15 07:40:33, 18.856568, -65.345297, 0.00, 9, 1.0, 8, 34, , , , 01FD0048C7B231B2067D04F806D57DEF000822
300434062556460,300434062556460,2018-09-15 07:38:34, 18.856443, -65.345213, 0.00, 3, 3.0, 19, 34, , , , 01FD0048C7B1BA86067D047B06D57E43001322
300434062556460,300434062556460,2018-09-15 07:36:33, 18.856334, -65.345153, 0.00, 6, 1.0, 10, 33, , , , 01FD0048C7B1419A067D040E06D57E7F000A21
300434062556460,300434062556460,2018-09-15 07:34:51, 18.856259, -65.345098, 0.00, 7, 3.0, 18, 51, , , , 01FD0048C7B0DBA6067D03C306D57EB6001233
300434062556460,300434062556460,2018-09-15 07:32:40, 18.856204, -65.345125, 0.00, 7, 2.0, 50, 40, , , , 01FD0048C7B058A4067D038C06D57E9B003228
300434062556460,300434062556460,2018-09-15 07:25:51, 18.855736, -65.345171, 0.00, 4, 3.5, 21, 51, , , , 01FD0048C7AEBF8F067D01B806D57E6D001533
300434062556460,300434062556460,2018-09-15 07:20:33, 18.855449, -65.345302, 0.00, 7, 3.0, 14, 33, , , , 01FD0048C7AD81A6067D009906D57DEA000E21
300434062556460,300434062556460,2018-09-15 07:15:33, 18.855089, -65.345460, 0.00, 5, 3.5, 21, 33, , , , 01FD0048C7AC5597067CFF3106D57D4C001521
300434062556460,300434062556460,2018-09-15 07:10:33, 18.854801, -65.345818, 0.00, 7, 3.0, 12, 33, , , , 01FD0048C7AB29A6067CFE1106D57BE6000C21
300434062556460,300434062556460,2018-09-15 07:05:33, 18.854535, -65.346146, 0.00, 6, 3.0, 11, 33, , , , 01FD0048C7A9FD9E067CFD0706D57A9E000B21
300434062556460,300434062556460,2018-09-15 07:00:33, 18.854231, -65.346410, 0.00, 7, 3.0, 11, 33, , , , 01FD0048C7A8D1A6067CFBD706D57996000B21
300434062556460,300434062556460,2018-09-15 06:55:34, 18.853990, -65.346739, 0.00, 4, 1.0, 24, 34, , , , 01FD0048C7A7A68A067CFAE606D5784D001822
300434062556460,300434062556460,2018-09-15 06:50:58, 18.853677, -65.347035, 0.00, 9, 2.5, 21, 58, , , , 01FD0048C7A692B5067CF9AD06D5772500153A
300434062556460,300434062556460,2018-09-15 06:45:33, 18.853409, -65.347367, 0.00, 7, 2.0, 11, 33, , , , 01FD0048C7A54DA4067CF8A106D575D9000B21
300434062556460,300434062556460,2018-09-15 06:40:34, 18.853230, -65.347950, 0.00, 7, 2.0, 21, 34, , , , 01FD0048C7A422A4067CF7EE06D57392001522
300434062556460,300434062556460,2018-09-15 06:35:34, 18.853008, -65.348737, 0.00, 6, 1.0, 16, 34, , , , 01FD0048C7A2F69A067CF71006D5707F001022
300434062556460,300434062556460,2018-09-11 16:10:33, 18.447305, -66.089582, 0.00, 7, 3.0, 9, 33, , , , 01FD0048C2E3B9A60676C64906CA2292000921
300434062556460,300434062556460,2018-09-11 16:05:33, 18.447359, -66.089578, 0.00, 7, 3.0, 13, 33, , , , 01FD0048C2E28DA60676C67F06CA2296000D21
300434062556460,300434062556460,2018-09-11 16:00:33, 18.447322, -66.089593, 0.00, 7, 0.5, 11, 33, , , , 01FD0048C2E161A10676C65A06CA2287000B21
300434062556460,300434062556460,2018-09-11 15:55:33, 18.447342, -66.089597, 0.00, 7, 1.5, 10, 33, , , , 01FD0048C2E035A30676C66E06CA2283000A21
300434062556460,300434062556460,2018-09-11 15:45:33, 18.447354, -66.089595, 0.00, 5, 2.0, 17, 33, , , , 01FD0048C2DDDD940676C67A06CA2285001121
300434062556460,300434062556460,2018-09-11 15:35:33, 18.447364, -66.089590, 0.00, 5, 3.5, 17, 33, , , , 01FD0048C2DB85970676C68406CA228A001121
300434062556460,300434062556460,2018-09-11 15:30:34, 18.447397, -66.089585, 0.00, 7, 3.5, 13, 33, , , , 01FD0048C2DA5AA70676C6A506CA228F000D21
300434062556460,300434062556460,2018-09-11 15:21:03, 18.447363, -66.089599, 0.00, 7, 3.0, 12, 44, , , , 01FD0048C2D81FA60676C68306CA2281000C2C


